{"Train Loss": 93.67578125, "Train loss age": 93.16606903076172, "Train loss gender": 0.5097083449363708, "Train Accuracy": 0.7540676593780518, "Train MAE": 6.863818168640137, "_step": 14354, "_runtime": 2262, "_timestamp": 1607509614, "graph_1": {"_type": "graph-file", "path": "media/graph/g.r.a.p.h._.1_summary_2053f906.graph.json", "sha256": "2053f906d5771704141e0727caccb36228d72c60f5520662ce3acf36d6f6df75", "size": 66360}, "gradients/graph_1module.gender_head.1.weight": {"_type": "histogram", "values": [1.0, 0.0, 0.0, 0.0, 0.0, 1.0, 0.0, 3.0, 1.0, 0.0, 3.0, 0.0, 4.0, 1.0, 3.0, 2.0, 2.0, 6.0, 3.0, 4.0, 9.0, 5.0, 11.0, 10.0, 13.0, 19.0, 19.0, 22.0, 20.0, 17.0, 28.0, 22.0, 15.0, 25.0, 18.0, 27.0, 17.0, 22.0, 16.0, 15.0, 15.0, 7.0, 9.0, 12.0, 8.0, 14.0, 17.0, 10.0, 4.0, 7.0, 4.0, 4.0, 1.0, 1.0, 1.0, 2.0, 1.0, 2.0, 2.0, 1.0, 2.0, 2.0, 1.0, 1.0], "bins": [-6.705577850341797, -6.503902912139893, -6.30222749710083, -6.100552558898926, -5.898877143859863, -5.697202205657959, -5.495527267456055, -5.293851852416992, -5.09217643737793, -4.890501499176025, -4.688826084136963, -4.487151145935059, -4.285475730895996, -4.083800792694092, -3.8821256160736084, -3.680450439453125, -3.4787755012512207, -3.2771003246307373, -3.075425148010254, -2.8737502098083496, -2.672074794769287, -2.470399856567383, -2.2687246799468994, -2.067049503326416, -1.8653743267059326, -1.6636991500854492, -1.4620239734649658, -1.260348916053772, -1.0586737394332886, -0.8569985628128052, -0.6553235054016113, -0.45364832878112793, -0.25197315216064453, -0.05029800534248352, 0.1513771414756775, 0.3530522584915161, 0.5547274351119995, 0.7564026117324829, 0.9580776691436768, 1.1597528457641602, 1.3614280223846436, 1.563103199005127, 1.7647783756256104, 1.9664534330368042, 2.168128490447998, 2.3698039054870605, 2.571478843688965, 2.7731540203094482, 2.9748291969299316, 3.176504373550415, 3.3781795501708984, 3.5798544883728027, 3.7815299034118652, 3.9832048416137695, 4.184880256652832, 4.386555194854736, 4.588230133056641, 4.789905071258545, 4.991580486297607, 5.193255424499512, 5.394930839538574, 5.5966057777404785, 5.798280715942383, 5.999956130981445, 6.201631546020508]}, "gradients/graph_1module.age_head.0.weight": {"_type": "histogram", "values": [1.0, 0.0, 1.0, 1.0, 0.0, 1.0, 0.0, 0.0, 1.0, 1.0, 1.0, 1.0, 1.0, 0.0, 1.0, 3.0, 6.0, 2.0, 3.0, 3.0, 11.0, 1.0, 11.0, 5.0, 11.0, 11.0, 9.0, 9.0, 11.0, 10.0, 9.0, 14.0, 20.0, 18.0, 15.0, 22.0, 14.0, 11.0, 15.0, 19.0, 21.0, 21.0, 19.0, 15.0, 13.0, 14.0, 21.0, 21.0, 18.0, 13.0, 9.0, 11.0, 8.0, 7.0, 4.0, 8.0, 3.0, 2.0, 3.0, 2.0, 1.0, 1.0, 1.0, 3.0], "bins": [-200.17710876464844, -193.79916381835938, -187.4212188720703, -181.04327392578125, -174.6653289794922, -168.28738403320312, -161.909423828125, -155.531494140625, -149.15353393554688, -142.7755889892578, -136.39764404296875, -130.0196990966797, -123.64175415039062, -117.26380920410156, -110.88585662841797, -104.5079116821289, -98.12997436523438, -91.75202941894531, -85.37408447265625, -78.99613952636719, -72.61819458007812, -66.24024963378906, -59.86229705810547, -53.484352111816406, -47.106407165527344, -40.72846221923828, -34.35051727294922, -27.97256851196289, -21.594623565673828, -15.216678619384766, -8.838729858398438, -2.460784912109375, 3.91717529296875, 10.295121192932129, 16.673067092895508, 23.051013946533203, 29.428958892822266, 35.80690383911133, 42.184852600097656, 48.56279754638672, 54.94074249267578, 61.318687438964844, 67.6966323852539, 74.0745849609375, 80.45252990722656, 86.83047485351562, 93.20841979980469, 99.58636474609375, 105.96430969238281, 112.34225463867188, 118.72019958496094, 125.09814453125, 131.47608947753906, 137.85403442382812, 144.23199462890625, 150.60992431640625, 156.98788452148438, 163.36582946777344, 169.7437744140625, 176.12171936035156, 182.49966430664062, 188.8776092529297, 195.25555419921875, 201.63351440429688, 208.01144409179688]}, "gradients/graph_1module.gender_head.1.bias": {"_type": "histogram", "values": [0.0, 0.0, 0.0, 0.0, 0.0, 0.0, 0.0, 0.0, 0.0, 0.0, 0.0, 0.0, 0.0, 0.0, 0.0, 0.0, 0.0, 0.0, 0.0, 0.0, 0.0, 0.0, 0.0, 0.0, 0.0, 0.0, 0.0, 0.0, 0.0, 0.0, 0.0, 0.0, 1.0, 0.0, 0.0, 0.0, 0.0, 0.0, 0.0, 0.0, 0.0, 0.0, 0.0, 0.0, 0.0, 0.0, 0.0, 0.0, 0.0, 0.0, 0.0, 0.0, 0.0, 0.0, 0.0, 0.0, 0.0, 0.0, 0.0, 0.0, 0.0, 0.0, 0.0, 0.0], "bins": [0.679833173751831, 0.679833173751831, 0.679833173751831, 0.679833173751831, 0.679833173751831, 0.679833173751831, 0.679833173751831, 0.679833173751831, 0.679833173751831, 0.679833173751831, 0.679833173751831, 0.679833173751831, 0.679833173751831, 0.679833173751831, 0.679833173751831, 0.679833173751831, 0.679833173751831, 0.679833173751831, 0.679833173751831, 0.679833173751831, 0.679833173751831, 0.679833173751831, 0.679833173751831, 0.679833173751831, 0.679833173751831, 0.679833173751831, 0.679833173751831, 0.679833173751831, 0.679833173751831, 0.679833173751831, 0.679833173751831, 0.679833173751831, 0.679833173751831, 0.679833173751831, 0.679833173751831, 0.679833173751831, 0.679833173751831, 0.679833173751831, 0.679833173751831, 0.679833173751831, 0.679833173751831, 0.679833173751831, 0.679833173751831, 0.679833173751831, 0.679833173751831, 0.679833173751831, 0.679833173751831, 0.679833173751831, 0.679833173751831, 0.679833173751831, 0.679833173751831, 0.679833173751831, 0.679833173751831, 0.679833173751831, 0.679833173751831, 0.679833173751831, 0.679833173751831, 0.679833173751831, 0.679833173751831, 0.679833173751831, 0.679833173751831, 0.679833173751831, 0.679833173751831, 0.679833173751831, 0.679833173751831]}, "gradients/graph_1module.age_head.0.bias": {"_type": "histogram", "values": [0.0, 0.0, 0.0, 0.0, 0.0, 0.0, 0.0, 0.0, 0.0, 0.0, 0.0, 0.0, 0.0, 0.0, 0.0, 0.0, 0.0, 0.0, 0.0, 0.0, 0.0, 0.0, 0.0, 0.0, 0.0, 0.0, 0.0, 0.0, 0.0, 0.0, 0.0, 0.0, 1.0, 0.0, 0.0, 0.0, 0.0, 0.0, 0.0, 0.0, 0.0, 0.0, 0.0, 0.0, 0.0, 0.0, 0.0, 0.0, 0.0, 0.0, 0.0, 0.0, 0.0, 0.0, 0.0, 0.0, 0.0, 0.0, 0.0, 0.0, 0.0, 0.0, 0.0, 0.0], "bins": [96.66777038574219, 96.66777038574219, 96.66777038574219, 96.66777038574219, 96.66777038574219, 96.66777038574219, 96.66777038574219, 96.66777038574219, 96.66777038574219, 96.66777038574219, 96.66777038574219, 96.66777038574219, 96.66777038574219, 96.66777038574219, 96.66777038574219, 96.66777038574219, 96.66777038574219, 96.66777038574219, 96.66777038574219, 96.66777038574219, 96.66777038574219, 96.66777038574219, 96.66777038574219, 96.66777038574219, 96.66777038574219, 96.66777038574219, 96.66777038574219, 96.66777038574219, 96.66777038574219, 96.66777038574219, 96.66777038574219, 96.66777038574219, 96.66777038574219, 96.66777038574219, 96.66777038574219, 96.66777038574219, 96.66777038574219, 96.66777038574219, 96.66777038574219, 96.66777038574219, 96.66777038574219, 96.66777038574219, 96.66777038574219, 96.66777038574219, 96.66777038574219, 96.66777038574219, 96.66777038574219, 96.66777038574219, 96.66777038574219, 96.66777038574219, 96.66777038574219, 96.66777038574219, 96.66777038574219, 96.66777038574219, 96.66777038574219, 96.66777038574219, 96.66777038574219, 96.66777038574219, 96.66777038574219, 96.66777038574219, 96.66777038574219, 96.66777038574219, 96.66777038574219, 96.66777038574219, 96.66777038574219]}, "Example": {"_type": "images/separated", "width": 224, "height": 224, "format": "png", "count": 108,