{"Train Loss": 214.22531127929688, "Train loss age": 213.52674865722656, "Train loss gender": 0.6985394954681396, "Train Accuracy": 0.5575658082962036, "Train MAE": 10.379040718078613, "_step": 28, "_runtime": 1066, "_timestamp": 1610527109, "graph_0": {"_type": "graph-file", "path": "media/graph/g.r.a.p.h._.0_summary_62064647.graph.json", "sha256": "6206464790f780fdf73d2658056ce796079c1f568edb8fb8d884d584a833e641", "size": 60727}}