{"Train Loss": 3.9838156700134277, "Train loss age": 3.583320379257202, "Train loss gender": 0.4004957675933838, "Train Accuracy": 0.8166579008102417, "Train MAE": 512.0427856445312, "_step": 713, "_runtime": 126, "_timestamp": 1607493946}