{"Train Loss": 8.241856575012207, "Train loss age": 7.454855918884277, "Train loss gender": 0.7869979739189148, "Train Accuracy": 0.42263010144233704, "Train MAE": 2056.3154296875, "_step": 537, "_runtime": 559, "_timestamp": 1607494896, "graph_1": {"_type": "graph-file", "path": "media/graph/g.r.a.p.h._.1_summary_e0a51ef3.graph.json", "sha256": "e0a51ef366d5e0a0dae3b985af65d7f87804c3dbf443b19cfe3b04dc5206c5c2", "size": 56583}}