{"Train Loss": 4.537045955657959, "Train loss age": 3.9406380653381348, "Train loss gender": 0.5964080095291138, "Train Accuracy": 0.7006880640983582, "Train MAE": 502.52581787109375, "_step": 109, "_runtime": 228, "_timestamp": 1607497404, "graph_0": {"_type": "graph-file", "path": "../../../../../../../tmp/tmpl2dvy8xmwandb-media/2pmo7l3z.graph.json", "sha256": "0432e4546d4bd500fb70d17aef467e7f19337e93efa3944470dbea1837d93cc4", "size": 56583}}