{"Train Loss": 4.293314456939697, "Train loss age": 3.7679779529571533, "Train loss gender": 0.5253369808197021, "Train Accuracy": 0.7496093511581421, "Train MAE": 501.8238220214844, "_step": 123, "_runtime": 112, "_timestamp": 1607497629, "graph_0": {"_type": "graph-file", "path": "media/graph/g.r.a.p.h._.0_summary_7c55210d.graph.json", "sha256": "7c55210d2c86fa3dcaffbdc959a03790d03ea5eeea6600688b79d82215b83af5", "size": 56583}}