{"Train Loss": 7.98820161819458, "Train loss age": 7.329156398773193, "Train loss gender": 0.6590452194213867, "Train Accuracy": 0.625, "Train MAE": 1991.6875, "_step": 0, "_runtime": 264, "_timestamp": 1607493796, "graph_0": {"_type": "graph-file", "path": "media/graph/g.r.a.p.h._.0_summary_5d6d1b29.graph.json", "sha256": "5d6d1b29a699cb1190c0880fe8a9bad845c0e3034309a8ef76f01ffc250bfc66", "size": 226203}}